id,year
http://www.jstor.org/stable/2096307,1996
http://www.jstor.org/stable/2095950,1993
http://www.jstor.org/stable/2096459,1996
http://www.jstor.org/stable/24756413,2015
http://www.jstor.org/stable/2094514,1979
http://www.jstor.org/stable/30038999,2006
http://www.jstor.org/stable/23102558,2011
http://www.jstor.org/stable/4145362,2005
http://www.jstor.org/stable/2095969,1993
http://www.jstor.org/stable/24756351,2015
http://www.jstor.org/stable/43187537,2014
http://www.jstor.org/stable/2657496,1999
http://www.jstor.org/stable/2094950,1981
http://www.jstor.org/stable/2095039,1982
http://www.jstor.org/stable/2094439,1975
http://www.jstor.org/stable/2657413,2001
http://www.jstor.org/stable/4145348,2005
http://www.jstor.org/stable/43187503,2013
http://www.jstor.org/stable/2094229,1974
http://www.jstor.org/stable/2096104,1991
http://www.jstor.org/stable/2087650,1952
http://www.jstor.org/stable/4145353,2005
http://www.jstor.org/stable/2094435,1975
http://www.jstor.org/stable/2094131,1973
http://www.jstor.org/stable/44289583,2015
http://www.jstor.org/stable/2094295,1974
http://www.jstor.org/stable/2657406,1999
http://www.jstor.org/stable/2089918,1963
http://www.jstor.org/stable/2094047,1971
http://www.jstor.org/stable/44245523,2017
http://www.jstor.org/stable/2088328,1955
http://www.jstor.org/stable/2117737,1977
http://www.jstor.org/stable/2095082,1981
http://www.jstor.org/stable/27736074,2009
http://www.jstor.org/stable/2083895,1938
http://www.jstor.org/stable/44245507,2017
http://www.jstor.org/stable/2095239,1980
http://www.jstor.org/stable/24756352,2015
http://www.jstor.org/stable/2095819,1988
http://www.jstor.org/stable/44245508,2017
http://www.jstor.org/stable/2094734,1976
http://www.jstor.org/stable/27736068,2009
http://www.jstor.org/stable/23469210,2013
http://www.jstor.org/stable/2089978,1960
http://www.jstor.org/stable/2086162,1945
http://www.jstor.org/stable/25782183,2011
http://www.jstor.org/stable/2095307,1986
http://www.jstor.org/stable/2084527,1940
http://www.jstor.org/stable/2657464,2000
http://www.jstor.org/stable/2089380,1959
http://www.jstor.org/stable/48588672,2018
http://www.jstor.org/stable/2095810,1990
http://www.jstor.org/stable/2096108,1991
http://www.jstor.org/stable/2117747,1989
http://www.jstor.org/stable/48588888,2019
http://www.jstor.org/stable/2096120,1992
http://www.jstor.org/stable/2095340,1985
http://www.jstor.org/stable/3593062,2004
http://www.jstor.org/stable/41723061,2012
http://www.jstor.org/stable/2095179,1980
http://www.jstor.org/stable/24756412,2015
http://www.jstor.org/stable/41723040,2012
http://www.jstor.org/stable/2095159,1982
http://www.jstor.org/stable/2117758,1989
http://www.jstor.org/stable/2095729,1988
http://www.jstor.org/stable/48588666,2018
http://www.jstor.org/stable/44245486,2016
http://www.jstor.org/stable/25472449,2007
http://www.jstor.org/stable/2095560,1984
http://www.jstor.org/stable/2096269,1991
http://www.jstor.org/stable/25472469,2007
http://www.jstor.org/stable/4145393,2005
http://www.jstor.org/stable/2094231,1974
http://www.jstor.org/stable/2095446,1987
http://www.jstor.org/stable/2095504,1985
http://www.jstor.org/stable/48595810,2019
http://www.jstor.org/stable/2657532,1999
http://www.jstor.org/stable/2095146,1983
http://www.jstor.org/stable/4145373,2005
http://www.jstor.org/stable/3593063,2004
http://www.jstor.org/stable/2657356,1997
http://www.jstor.org/stable/24756415,2015
http://www.jstor.org/stable/44245509,2017
http://www.jstor.org/stable/27801521,2010
http://www.jstor.org/stable/2095516,1986
http://www.jstor.org/stable/2657358,1997
http://www.jstor.org/stable/2657404,1999
http://www.jstor.org/stable/2086605,1950
http://www.jstor.org/stable/2095576,1984
http://www.jstor.org/stable/2087998,1952
http://www.jstor.org/stable/2117719,1983
http://www.jstor.org/stable/2096386,1995
http://www.jstor.org/stable/44245514,2017
http://www.jstor.org/stable/2095126,1980
http://www.jstor.org/stable/2091715,1967
http://www.jstor.org/stable/2095869,1990
http://www.jstor.org/stable/2657545,2000
http://www.jstor.org/stable/44289580,2015
http://www.jstor.org/stable/2657335,1998
http://www.jstor.org/stable/2096392,1996
http://www.jstor.org/stable/2095439,1985
http://www.jstor.org/stable/2086677,1949
http://www.jstor.org/stable/3593031,2004
http://www.jstor.org/stable/2657429,1997
http://www.jstor.org/stable/2094484,1976
http://www.jstor.org/stable/2095737,1988
http://www.jstor.org/stable/3088945,2002
http://www.jstor.org/stable/2095957,1993
http://www.jstor.org/stable/2095572,1984
http://www.jstor.org/stable/2657266,1998
http://www.jstor.org/stable/30038986,2006
http://www.jstor.org/stable/2095824,1988
http://www.jstor.org/stable/2085843,1945
http://www.jstor.org/stable/2093382,1970
http://www.jstor.org/stable/2095953,1993
http://www.jstor.org/stable/2657440,2000
http://www.jstor.org/stable/43187555,2014
http://www.jstor.org/stable/2657264,1998
http://www.jstor.org/stable/3088933,2002
http://www.jstor.org/stable/2095476,1986
http://www.jstor.org/stable/30039011,2006
http://www.jstor.org/stable/48595782,2019
http://www.jstor.org/stable/2095780,1991
http://www.jstor.org/stable/1519738,2003
http://www.jstor.org/stable/26426354,2017
http://www.jstor.org/stable/2657552,1998
http://www.jstor.org/stable/2095122,1980
http://www.jstor.org/stable/2095180,1980
http://www.jstor.org/stable/2657367,1999
http://www.jstor.org/stable/48588676,2018
http://www.jstor.org/stable/25472557,2008
http://www.jstor.org/stable/25472512,2008
http://www.jstor.org/stable/2095691,1988
http://www.jstor.org/stable/26426413,2017
http://www.jstor.org/stable/1519765,2003
http://www.jstor.org/stable/2096278,1993
http://www.jstor.org/stable/43187551,2014
http://www.jstor.org/stable/2094549,1978
http://www.jstor.org/stable/2094251,1976
http://www.jstor.org/stable/2094937,1981
http://www.jstor.org/stable/30039016,2006
http://www.jstor.org/stable/25472486,2007
http://www.jstor.org/stable/2088508,1957
http://www.jstor.org/stable/2657375,1999
http://www.jstor.org/stable/30038997,2006
http://www.jstor.org/stable/48595771,2019
http://www.jstor.org/stable/2094152,1974
http://www.jstor.org/stable/27736078,2009
http://www.jstor.org/stable/23019215,2011
http://www.jstor.org/stable/2657311,1997
http://www.jstor.org/stable/2094623,1978
http://www.jstor.org/stable/2094893,1980
http://www.jstor.org/stable/20799474,2010
http://www.jstor.org/stable/24756411,2015
http://www.jstor.org/stable/2657254,1999
http://www.jstor.org/stable/2090452,1963
http://www.jstor.org/stable/2094900,1980
http://www.jstor.org/stable/3088926,2001
http://www.jstor.org/stable/2095477,1986
http://www.jstor.org/stable/23469171,2013
http://www.jstor.org/stable/25472511,2008
http://www.jstor.org/stable/24756702,2015
http://www.jstor.org/stable/24756704,2015
http://www.jstor.org/stable/30039013,2006
http://www.jstor.org/stable/2094376,1976
http://www.jstor.org/stable/2096416,1995
http://www.jstor.org/stable/25472461,2007
http://www.jstor.org/stable/2096122,1992
http://www.jstor.org/stable/2088393,1954
http://www.jstor.org/stable/43187535,2014
http://www.jstor.org/stable/2095802,1990
http://www.jstor.org/stable/2095359,1987
http://www.jstor.org/stable/2096252,1991
http://www.jstor.org/stable/2095027,1981
http://www.jstor.org/stable/2094837,1976
http://www.jstor.org/stable/2096345,1995
http://www.jstor.org/stable/2095456,1987
http://www.jstor.org/stable/2095557,1984
http://www.jstor.org/stable/2096460,1996
http://www.jstor.org/stable/3088956,2001
http://www.jstor.org/stable/3088876,2001
http://www.jstor.org/stable/43187550,2014
http://www.jstor.org/stable/23018945,2011
http://www.jstor.org/stable/26426367,2017
http://www.jstor.org/stable/24756401,2016
http://www.jstor.org/stable/3593032,2004
http://www.jstor.org/stable/2657275,1999
http://www.jstor.org/stable/2096081,1991
http://www.jstor.org/stable/2657407,1999
http://www.jstor.org/stable/24756356,2015
http://www.jstor.org/stable/2657451,1997
http://www.jstor.org/stable/43187568,2014
http://www.jstor.org/stable/2096277,1993
http://www.jstor.org/stable/2094578,1977
http://www.jstor.org/stable/2095718,1989
http://www.jstor.org/stable/2095719,1989
http://www.jstor.org/stable/44245496,2016
http://www.jstor.org/stable/2096382,1995
http://www.jstor.org/stable/2095011,1980
http://www.jstor.org/stable/25472477,2007
http://www.jstor.org/stable/2094817,1979
http://www.jstor.org/stable/2095907,1993
http://www.jstor.org/stable/2095736,1988
http://www.jstor.org/stable/2095693,1988
http://www.jstor.org/stable/2657463,2000
http://www.jstor.org/stable/2094492,1978
http://www.jstor.org/stable/2084924,1939
http://www.jstor.org/stable/2095702,1990
http://www.jstor.org/stable/2095290,1987
http://www.jstor.org/stable/25472472,2007
http://www.jstor.org/stable/43187527,2014
http://www.jstor.org/stable/43187576,2014
http://www.jstor.org/stable/2096393,1996
http://www.jstor.org/stable/3088973,2002
http://www.jstor.org/stable/2095904,1993
http://www.jstor.org/stable/44289582,2015
http://www.jstor.org/stable/2094233,1974
http://www.jstor.org/stable/2095789,1989
http://www.jstor.org/stable/2095034,1981
http://www.jstor.org/stable/2117724,1983
http://www.jstor.org/stable/2093090,1971
http://www.jstor.org/stable/2093483,1972
http://www.jstor.org/stable/30039001,2006
http://www.jstor.org/stable/27736085,2009
http://www.jstor.org/stable/4145363,2005
http://www.jstor.org/stable/2095760,1990
http://www.jstor.org/stable/26426417,2017
http://www.jstor.org/stable/2094139,1973
http://www.jstor.org/stable/2094975,1981
http://www.jstor.org/stable/2096408,1996
http://www.jstor.org/stable/2095768,1990
http://www.jstor.org/stable/26426356,2017
http://www.jstor.org/stable/26426368,2017
http://www.jstor.org/stable/2087029,1948
http://www.jstor.org/stable/43188368,2013
http://www.jstor.org/stable/2094699,1978
http://www.jstor.org/stable/2095278,1984
http://www.jstor.org/stable/30038973,2006
http://www.jstor.org/stable/2095555,1984
http://www.jstor.org/stable/2095129,1980
http://www.jstor.org/stable/2094272,1974
http://www.jstor.org/stable/2095161,1982
http://www.jstor.org/stable/48602115,2019
http://www.jstor.org/stable/48588563,2018
http://www.jstor.org/stable/2095054,1982
http://www.jstor.org/stable/2095879,1989
http://www.jstor.org/stable/2088852,1957
http://www.jstor.org/stable/2094515,1979
http://www.jstor.org/stable/2086750,1948
http://www.jstor.org/stable/23019228,2011
http://www.jstor.org/stable/48588890,2019
http://www.jstor.org/stable/25472470,2007
http://www.jstor.org/stable/3593076,2004
http://www.jstor.org/stable/41723047,2012
http://www.jstor.org/stable/25782178,2011
http://www.jstor.org/stable/41723080,2012
http://www.jstor.org/stable/4145369,2005
http://www.jstor.org/stable/24756706,2015
http://www.jstor.org/stable/27736062,2009
http://www.jstor.org/stable/2094466,1975
http://www.jstor.org/stable/43187565,2014
http://www.jstor.org/stable/2095397,1987
http://www.jstor.org/stable/2657385,2000
http://www.jstor.org/stable/25472491,2007
http://www.jstor.org/stable/2095915,1992
http://www.jstor.org/stable/25472537,2008
http://www.jstor.org/stable/3088962,2002
http://www.jstor.org/stable/23018944,2011
http://www.jstor.org/stable/2657274,1999
http://www.jstor.org/stable/2657554,1998
http://www.jstor.org/stable/2095921,1992
http://www.jstor.org/stable/43187533,2014
http://www.jstor.org/stable/4145351,2005
http://www.jstor.org/stable/2095650,1988
http://www.jstor.org/stable/2095831,1987
http://www.jstor.org/stable/2095597,1987
http://www.jstor.org/stable/2095818,1988
http://www.jstor.org/stable/2096096,1992
http://www.jstor.org/stable/2094870,1977
http://www.jstor.org/stable/48595773,2019
http://www.jstor.org/stable/2657427,1997
http://www.jstor.org/stable/2095632,1990
http://www.jstor.org/stable/25472467,2007
http://www.jstor.org/stable/25782171,2010
http://www.jstor.org/stable/25472555,2008
http://www.jstor.org/stable/24756698,2015
http://www.jstor.org/stable/26426412,2017
http://www.jstor.org/stable/4145352,2005
http://www.jstor.org/stable/23102578,2012
http://www.jstor.org/stable/2095708,1990
http://www.jstor.org/stable/3088960,2002
http://www.jstor.org/stable/1519727,2003
http://www.jstor.org/stable/2657315,1997
http://www.jstor.org/stable/44245524,2017
http://www.jstor.org/stable/2095162,1982
http://www.jstor.org/stable/1519759,2003
http://www.jstor.org/stable/2095163,1982
http://www.jstor.org/stable/2095112,1983
http://www.jstor.org/stable/48595781,2019
http://www.jstor.org/stable/23469228,2013
http://www.jstor.org/stable/27736070,2009
http://www.jstor.org/stable/2095328,1983
http://www.jstor.org/stable/43187507,2013
http://www.jstor.org/stable/2096318,1995
http://www.jstor.org/stable/2117760,1989
http://www.jstor.org/stable/2117761,1989
http://www.jstor.org/stable/2094559,1977
http://www.jstor.org/stable/2083941,1940
http://www.jstor.org/stable/2095732,1988
http://www.jstor.org/stable/2095882,1989
http://www.jstor.org/stable/2096148,1992
http://www.jstor.org/stable/25472549,2008
http://www.jstor.org/stable/2657462,2000
http://www.jstor.org/stable/44245521,2017
http://www.jstor.org/stable/2091139,1965
http://www.jstor.org/stable/2095875,1989
http://www.jstor.org/stable/2095801,1990
http://www.jstor.org/stable/2095852,1988
http://www.jstor.org/stable/2095006,1980
http://www.jstor.org/stable/2095563,1984
http://www.jstor.org/stable/2095806,1990
http://www.jstor.org/stable/2095409,1985
http://www.jstor.org/stable/23102569,2012
http://www.jstor.org/stable/2096080,1991
http://www.jstor.org/stable/2090866,1964
http://www.jstor.org/stable/2657559,1998
http://www.jstor.org/stable/2094493,1978
http://www.jstor.org/stable/2094438,1975
http://www.jstor.org/stable/3088901,2003
http://www.jstor.org/stable/2657373,1999
http://www.jstor.org/stable/2089908,1963
http://www.jstor.org/stable/2657436,2000
http://www.jstor.org/stable/20799486,2010
http://www.jstor.org/stable/2095060,1981
http://www.jstor.org/stable/26426533,2018
http://www.jstor.org/stable/4145350,2005
http://www.jstor.org/stable/24756371,2015
http://www.jstor.org/stable/2094991,1982
http://www.jstor.org/stable/3593047,2004
http://www.jstor.org/stable/2095250,1980
http://www.jstor.org/stable/2095703,1990
http://www.jstor.org/stable/27736094,2009
http://www.jstor.org/stable/41723060,2012
http://www.jstor.org/stable/44245517,2017
http://www.jstor.org/stable/2096433,1995
http://www.jstor.org/stable/2094561,1977
http://www.jstor.org/stable/2095394,1987
http://www.jstor.org/stable/2095894,1988
http://www.jstor.org/stable/43187561,2014
http://www.jstor.org/stable/25472502,2007
http://www.jstor.org/stable/25472476,2007
http://www.jstor.org/stable/25472516,2008
http://www.jstor.org/stable/2092885,1968
http://www.jstor.org/stable/44245498,2016
http://www.jstor.org/stable/2095281,1984
http://www.jstor.org/stable/24756374,2015
http://www.jstor.org/stable/30039010,2006
http://www.jstor.org/stable/24756402,2016
http://www.jstor.org/stable/26426359,2017
http://www.jstor.org/stable/27736058,2009
http://www.jstor.org/stable/2096441,1994
http://www.jstor.org/stable/3593033,2004
http://www.jstor.org/stable/48595785,2019
http://www.jstor.org/stable/43187524,2014
http://www.jstor.org/stable/48595779,2019
http://www.jstor.org/stable/25472504,2007
http://www.jstor.org/stable/3088938,2002
http://www.jstor.org/stable/23469221,2013
http://www.jstor.org/stable/1519731,2003
http://www.jstor.org/stable/2095598,1987
http://www.jstor.org/stable/2095024,1981
http://www.jstor.org/stable/25472492,2007
http://www.jstor.org/stable/2095486,1986
http://www.jstor.org/stable/2094528,1979
http://www.jstor.org/stable/2657441,2000
http://www.jstor.org/stable/2095853,1988
http://www.jstor.org/stable/2096435,1995
http://www.jstor.org/stable/2095881,1989
http://www.jstor.org/stable/2095209,1982
http://www.jstor.org/stable/4145400,2005
http://www.jstor.org/stable/25472468,2007
http://www.jstor.org/stable/2096227,1994
http://www.jstor.org/stable/2095577,1984
http://www.jstor.org/stable/2095528,1984
http://www.jstor.org/stable/2094214,1973
http://www.jstor.org/stable/2096385,1995
http://www.jstor.org/stable/48588569,2018
http://www.jstor.org/stable/2096349,1995
http://www.jstor.org/stable/41723049,2012
http://www.jstor.org/stable/2117716,1983
http://www.jstor.org/stable/2657327,1998
http://www.jstor.org/stable/48588590,2018
http://www.jstor.org/stable/43187557,2014
http://www.jstor.org/stable/2087353,1951
http://www.jstor.org/stable/2095371,1986
http://www.jstor.org/stable/2096355,1996
http://www.jstor.org/stable/20799476,2010
http://www.jstor.org/stable/23469207,2013
http://www.jstor.org/stable/2095568,1984
http://www.jstor.org/stable/24756350,2015
http://www.jstor.org/stable/1519750,2003
http://www.jstor.org/stable/3088903,2003
http://www.jstor.org/stable/25472571,2008
http://www.jstor.org/stable/3088902,2003
http://www.jstor.org/stable/3088947,2002
http://www.jstor.org/stable/2096253,1991
http://www.jstor.org/stable/2095938,1994
http://www.jstor.org/stable/48588891,2019
http://www.jstor.org/stable/2096305,1996
http://www.jstor.org/stable/2096420,1995
http://www.jstor.org/stable/43187539,2014
http://www.jstor.org/stable/2094136,1973
http://www.jstor.org/stable/2657293,2000
http://www.jstor.org/stable/3088946,2002
http://www.jstor.org/stable/2094880,1979
http://www.jstor.org/stable/2094695,1978
http://www.jstor.org/stable/48595774,2019
http://www.jstor.org/stable/2095058,1981
http://www.jstor.org/stable/2095404,1985
http://www.jstor.org/stable/2096377,1994
http://www.jstor.org/stable/2095657,1989
http://www.jstor.org/stable/2096261,1991
http://www.jstor.org/stable/2095120,1980
http://www.jstor.org/stable/2094169,1974
http://www.jstor.org/stable/4145394,2005
http://www.jstor.org/stable/2094810,1976
http://www.jstor.org/stable/2095820,1988
http://www.jstor.org/stable/2095357,1987
http://www.jstor.org/stable/25472538,2008
http://www.jstor.org/stable/2095706,1990
http://www.jstor.org/stable/44289579,2015
http://www.jstor.org/stable/2095306,1986
http://www.jstor.org/stable/43187563,2014
http://www.jstor.org/stable/2096267,1991
http://www.jstor.org/stable/2094591,1979
http://www.jstor.org/stable/27736063,2009
http://www.jstor.org/stable/2657543,2000
http://www.jstor.org/stable/2095709,1990
http://www.jstor.org/stable/25472439,2006
http://www.jstor.org/stable/2087612,1951
http://www.jstor.org/stable/3088883,2001
http://www.jstor.org/stable/2095952,1993
http://www.jstor.org/stable/24756373,2015
http://www.jstor.org/stable/2095487,1986
http://www.jstor.org/stable/2657372,1999
http://www.jstor.org/stable/2095751,1990
http://www.jstor.org/stable/2095848,1988
http://www.jstor.org/stable/2657302,1997
http://www.jstor.org/stable/24756461,2016
http://www.jstor.org/stable/3593078,2004
http://www.jstor.org/stable/2094729,1976
http://www.jstor.org/stable/2096240,1992
http://www.jstor.org/stable/2095197,1982
http://www.jstor.org/stable/2657461,2000
http://www.jstor.org/stable/48602119,2019
http://www.jstor.org/stable/2095530,1984
http://www.jstor.org/stable/4145401,2005
http://www.jstor.org/stable/24756424,2015
http://www.jstor.org/stable/2096106,1991
http://www.jstor.org/stable/2117753,1989
http://www.jstor.org/stable/4145357,2005
http://www.jstor.org/stable/48588887,2019
http://www.jstor.org/stable/48588667,2018
http://www.jstor.org/stable/2094922,1983
http://www.jstor.org/stable/2095670,1991
http://www.jstor.org/stable/41723043,2012
http://www.jstor.org/stable/2085726,1943
http://www.jstor.org/stable/2085445,1943
http://www.jstor.org/stable/3088955,2001
http://www.jstor.org/stable/1519769,2003
http://www.jstor.org/stable/2095624,1990
http://www.jstor.org/stable/1519770,2003
http://www.jstor.org/stable/2095821,1988
http://www.jstor.org/stable/43187584,2014
http://www.jstor.org/stable/2095154,1983
http://www.jstor.org/stable/23102582,2012
http://www.jstor.org/stable/44245490,2016
http://www.jstor.org/stable/3088934,2002
http://www.jstor.org/stable/27736079,2009
http://www.jstor.org/stable/2096109,1991
http://www.jstor.org/stable/2095863,1990
http://www.jstor.org/stable/26426530,2018
http://www.jstor.org/stable/27801522,2010
http://www.jstor.org/stable/4145370,2005
http://www.jstor.org/stable/2657307,1997
http://www.jstor.org/stable/2657256,1999
http://www.jstor.org/stable/2092741,1955
http://www.jstor.org/stable/2094041,1971
http://www.jstor.org/stable/23018949,2011
http://www.jstor.org/stable/2096254,1991
http://www.jstor.org/stable/2095066,1981
http://www.jstor.org/stable/2094884,1979
http://www.jstor.org/stable/27801534,2010
http://www.jstor.org/stable/2096344,1995
http://www.jstor.org/stable/2095225,1983
http://www.jstor.org/stable/2095730,1988
http://www.jstor.org/stable/25472527,2008
http://www.jstor.org/stable/30038988,2006
http://www.jstor.org/stable/2657439,2000
http://www.jstor.org/stable/2095903,1993
http://www.jstor.org/stable/23469208,2013
http://www.jstor.org/stable/27801504,2009
http://www.jstor.org/stable/4145383,2005
http://www.jstor.org/stable/2657469,2000
http://www.jstor.org/stable/2095878,1989
http://www.jstor.org/stable/2657423,1997
http://www.jstor.org/stable/2094923,1983
http://www.jstor.org/stable/2657334,1998
http://www.jstor.org/stable/25472529,2008
http://www.jstor.org/stable/2095633,1990
http://www.jstor.org/stable/48595820,2019
http://www.jstor.org/stable/2091810,1967
http://www.jstor.org/stable/44245487,2016
http://www.jstor.org/stable/25472526,2008
http://www.jstor.org/stable/3088952,2001
http://www.jstor.org/stable/2093210,1970
http://www.jstor.org/stable/48588893,2019
http://www.jstor.org/stable/2657398,2001
http://www.jstor.org/stable/2657263,1998
http://www.jstor.org/stable/2095752,1990
http://www.jstor.org/stable/2657558,1998
http://www.jstor.org/stable/23102579,2012
http://www.jstor.org/stable/44245492,2016
http://www.jstor.org/stable/20799487,2010
http://www.jstor.org/stable/44245520,2017
http://www.jstor.org/stable/25472445,2007
http://www.jstor.org/stable/24756403,2016
http://www.jstor.org/stable/2095671,1991
http://www.jstor.org/stable/2094282,1974
http://www.jstor.org/stable/3593036,2004
http://www.jstor.org/stable/27736046,2009
http://www.jstor.org/stable/3593077,2004
http://www.jstor.org/stable/2094990,1982
http://www.jstor.org/stable/2096294,1995
http://www.jstor.org/stable/2085502,1941
http://www.jstor.org/stable/2096273,1991
http://www.jstor.org/stable/1519748,2003
http://www.jstor.org/stable/25782173,2010
http://www.jstor.org/stable/48602116,2019
http://www.jstor.org/stable/44289576,2015
http://www.jstor.org/stable/2095466,1984
http://www.jstor.org/stable/2094892,1980
http://www.jstor.org/stable/2095041,1982
http://www.jstor.org/stable/41723081,2012
http://www.jstor.org/stable/2096342,1995
http://www.jstor.org/stable/25472556,2008
http://www.jstor.org/stable/27801501,2009
http://www.jstor.org/stable/2657514,2000
http://www.jstor.org/stable/2094140,1973
http://www.jstor.org/stable/2095356,1987
http://www.jstor.org/stable/44245518,2017
http://www.jstor.org/stable/43187586,2014
http://www.jstor.org/stable/2095514,1986
http://www.jstor.org/stable/2095463,1984
http://www.jstor.org/stable/25472427,2006
http://www.jstor.org/stable/2657553,1998
http://www.jstor.org/stable/27736047,2009
http://www.jstor.org/stable/23019220,2011
http://www.jstor.org/stable/23469172,2013
http://www.jstor.org/stable/23102557,2011
http://www.jstor.org/stable/2657393,2001
http://www.jstor.org/stable/2657282,1999
http://www.jstor.org/stable/24756353,2015
http://www.jstor.org/stable/44245493,2016
http://www.jstor.org/stable/25472503,2007
http://www.jstor.org/stable/2657265,1998
http://www.jstor.org/stable/43187528,2014
http://www.jstor.org/stable/27801510,2010
http://www.jstor.org/stable/44289577,2015
http://www.jstor.org/stable/2092784,1969
http://www.jstor.org/stable/2085985,1944
http://www.jstor.org/stable/2096241,1992
http://www.jstor.org/stable/2091858,1966
http://www.jstor.org/stable/2096095,1992
http://www.jstor.org/stable/2096135,1994
http://www.jstor.org/stable/25472560,2008
http://www.jstor.org/stable/3088897,2002
http://www.jstor.org/stable/2095717,1989
http://www.jstor.org/stable/2657495,1999
http://www.jstor.org/stable/2096333,1996
http://www.jstor.org/stable/2096236,1992
http://www.jstor.org/stable/48588565,2018
http://www.jstor.org/stable/24756459,2016
http://www.jstor.org/stable/44245510,2017
http://www.jstor.org/stable/2657258,1999
http://www.jstor.org/stable/3088905,2003
http://www.jstor.org/stable/3088900,2003
http://www.jstor.org/stable/2086195,1941
http://www.jstor.org/stable/2094332,1973
http://www.jstor.org/stable/23019207,2011
http://www.jstor.org/stable/48588668,2018
http://www.jstor.org/stable/2096436,1995
http://www.jstor.org/stable/2096437,1995
http://www.jstor.org/stable/2096442,1994
http://www.jstor.org/stable/2095315,1986
http://www.jstor.org/stable/2095316,1986
http://www.jstor.org/stable/2094887,1979
http://www.jstor.org/stable/4145354,2005
http://www.jstor.org/stable/2657259,1999
http://www.jstor.org/stable/2096317,1995
http://www.jstor.org/stable/2095339,1985
http://www.jstor.org/stable/2094889,1979
http://www.jstor.org/stable/2095763,1990
http://www.jstor.org/stable/23469173,2013
http://www.jstor.org/stable/2084251,1938
http://www.jstor.org/stable/2096306,1996
http://www.jstor.org/stable/1519732,2003
http://www.jstor.org/stable/2095754,1990
http://www.jstor.org/stable/2096219,1993
http://www.jstor.org/stable/2095448,1987
http://www.jstor.org/stable/2095233,1983
http://www.jstor.org/stable/2095192,1982
http://www.jstor.org/stable/2094988,1982
http://www.jstor.org/stable/2096132,1994
http://www.jstor.org/stable/2117717,1983
http://www.jstor.org/stable/2095355,1987
http://www.jstor.org/stable/2096152,1959
http://www.jstor.org/stable/2095210,1982
http://www.jstor.org/stable/25472567,2008
http://www.jstor.org/stable/2096105,1991
http://www.jstor.org/stable/2094716,1979
http://www.jstor.org/stable/2094228,1974
http://www.jstor.org/stable/2095234,1983
http://www.jstor.org/stable/2095825,1988
http://www.jstor.org/stable/24756499,2016
http://www.jstor.org/stable/2094728,1976
http://www.jstor.org/stable/2095866,1990
http://www.jstor.org/stable/1519730,2003
http://www.jstor.org/stable/2095071,1981
http://www.jstor.org/stable/2093667,1971
http://www.jstor.org/stable/2095078,1981
http://www.jstor.org/stable/2095826,1988
http://www.jstor.org/stable/2091024,1967
http://www.jstor.org/stable/30038989,2006
http://www.jstor.org/stable/2086751,1948
http://www.jstor.org/stable/2094927,1983
http://www.jstor.org/stable/43187536,2014
http://www.jstor.org/stable/2095155,1983
http://www.jstor.org/stable/2657310,1997
http://www.jstor.org/stable/3088886,2001
http://www.jstor.org/stable/2657301,1997
http://www.jstor.org/stable/2095896,1988
http://www.jstor.org/stable/2096315,1995
http://www.jstor.org/stable/2096359,1996
http://www.jstor.org/stable/2095561,1984
http://www.jstor.org/stable/2094708,1978
http://www.jstor.org/stable/24756404,2016
http://www.jstor.org/stable/24756375,2015
http://www.jstor.org/stable/4145382,2005
http://www.jstor.org/stable/3088961,2002
http://www.jstor.org/stable/4145377,2005
http://www.jstor.org/stable/1519729,2003
http://www.jstor.org/stable/2095614,1989
http://www.jstor.org/stable/27736095,2009
http://www.jstor.org/stable/2095600,1987
http://www.jstor.org/stable/2092989,1970
http://www.jstor.org/stable/2095704,1990
http://www.jstor.org/stable/3088916,2002
http://www.jstor.org/stable/2096406,1996
http://www.jstor.org/stable/2657467,2000
http://www.jstor.org/stable/23102570,2012
http://www.jstor.org/stable/2096228,1994
http://www.jstor.org/stable/2089089,1956
http://www.jstor.org/stable/2094777,1978
http://www.jstor.org/stable/25472424,2006
http://www.jstor.org/stable/2087995,1952
http://www.jstor.org/stable/43187540,2014
http://www.jstor.org/stable/27801515,2010
http://www.jstor.org/stable/48588567,2018
http://www.jstor.org/stable/2095172,1980
http://www.jstor.org/stable/2095153,1983
http://www.jstor.org/stable/41723082,2012
http://www.jstor.org/stable/4145378,2005
http://www.jstor.org/stable/44245519,2017
http://www.jstor.org/stable/25472518,2008
http://www.jstor.org/stable/2095377,1985
http://www.jstor.org/stable/2095914,1992
http://www.jstor.org/stable/2095930,1994
http://www.jstor.org/stable/2096372,1994
http://www.jstor.org/stable/2095305,1986
http://www.jstor.org/stable/2096407,1996
http://www.jstor.org/stable/2095913,1992
http://www.jstor.org/stable/2095248,1980
http://www.jstor.org/stable/3593044,2004
http://www.jstor.org/stable/2095675,1991
http://www.jstor.org/stable/2657432,1997
http://www.jstor.org/stable/2095490,1986
http://www.jstor.org/stable/25472480,2007
http://www.jstor.org/stable/25472456,2007
http://www.jstor.org/stable/27801532,2010
http://www.jstor.org/stable/23469227,2013
http://www.jstor.org/stable/2095747,1990
http://www.jstor.org/stable/23019210,2011
http://www.jstor.org/stable/25472460,2007
http://www.jstor.org/stable/2657474,1998
http://www.jstor.org/stable/27736059,2009
http://www.jstor.org/stable/2083822,1937
http://www.jstor.org/stable/2657541,2000
http://www.jstor.org/stable/2095715,1989
http://www.jstor.org/stable/2095531,1984
http://www.jstor.org/stable/24756423,2015
http://www.jstor.org/stable/2095833,1987
http://www.jstor.org/stable/48595819,2019
http://www.jstor.org/stable/2096308,1996
http://www.jstor.org/stable/43187525,2014
http://www.jstor.org/stable/2095809,1990
http://www.jstor.org/stable/2657294,2000
http://www.jstor.org/stable/48595809,2019
http://www.jstor.org/stable/27736091,2009
http://www.jstor.org/stable/3593041,2004
http://www.jstor.org/stable/2095648,1988
http://www.jstor.org/stable/2096208,1992
http://www.jstor.org/stable/25472524,2008
http://www.jstor.org/stable/2096358,1996
http://www.jstor.org/stable/2096322,1995
http://www.jstor.org/stable/41723039,2012
http://www.jstor.org/stable/2095929,1994
http://www.jstor.org/stable/3088887,2001
http://www.jstor.org/stable/24756451,2016
http://www.jstor.org/stable/48602121,2019
http://www.jstor.org/stable/2095411,1985
http://www.jstor.org/stable/2096451,1996
http://www.jstor.org/stable/3088894,2002
http://www.jstor.org/stable/3088920,2001
http://www.jstor.org/stable/2096281,1993
http://www.jstor.org/stable/2117730,1977
http://www.jstor.org/stable/3088919,2001
http://www.jstor.org/stable/3593082,2004
http://www.jstor.org/stable/48589220,2018
http://www.jstor.org/stable/2091562,1965
http://www.jstor.org/stable/2094626,1978
http://www.jstor.org/stable/2095070,1981
http://www.jstor.org/stable/48595813,2019
http://www.jstor.org/stable/2657392,2001
http://www.jstor.org/stable/43187579,2014
http://www.jstor.org/stable/2095674,1991
http://www.jstor.org/stable/2094963,1982
http://www.jstor.org/stable/2094869,1977
http://www.jstor.org/stable/2095236,1983
http://www.jstor.org/stable/2095193,1982
http://www.jstor.org/stable/24756453,2016
http://www.jstor.org/stable/4145379,2005
http://www.jstor.org/stable/2657518,2000
http://www.jstor.org/stable/2095919,1992
http://www.jstor.org/stable/2095585,1986
http://www.jstor.org/stable/2095942,1994
http://www.jstor.org/stable/2084256,1938
http://www.jstor.org/stable/2094788,1978
http://www.jstor.org/stable/24756494,2016
http://www.jstor.org/stable/2091911,1968
http://www.jstor.org/stable/23019219,2011
http://www.jstor.org/stable/2095033,1981
http://www.jstor.org/stable/2095223,1983
http://www.jstor.org/stable/27736069,2009
http://www.jstor.org/stable/24756455,2016
http://www.jstor.org/stable/2095293,1987
http://www.jstor.org/stable/2090972,1965
http://www.jstor.org/stable/2657288,2000
http://www.jstor.org/stable/2096283,1993
http://www.jstor.org/stable/24756495,2016
http://www.jstor.org/stable/2117756,1989
http://www.jstor.org/stable/23019226,2011
http://www.jstor.org/stable/2095963,1993
http://www.jstor.org/stable/23469209,2013
http://www.jstor.org/stable/2094283,1974
http://www.jstor.org/stable/2657547,2000
http://www.jstor.org/stable/2096230,1994
http://www.jstor.org/stable/25472489,2007
http://www.jstor.org/stable/27801502,2009
http://www.jstor.org/stable/41723051,2012
http://www.jstor.org/stable/27801513,2010
http://www.jstor.org/stable/2095520,1986
http://www.jstor.org/stable/2092881,1968
http://www.jstor.org/stable/2117750,1989
http://www.jstor.org/stable/2095501,1985
http://www.jstor.org/stable/20799475,2010
http://www.jstor.org/stable/2657431,1997
http://www.jstor.org/stable/2657337,1998
http://www.jstor.org/stable/2095971,1993
http://www.jstor.org/stable/3088873,2001
http://www.jstor.org/stable/25472429,2006
http://www.jstor.org/stable/2085403,1942
http://www.jstor.org/stable/44245502,2016
http://www.jstor.org/stable/25782174,2010
http://www.jstor.org/stable/41723036,2012
http://www.jstor.org/stable/23019217,2011
http://www.jstor.org/stable/44289578,2015
http://www.jstor.org/stable/25782179,2011
http://www.jstor.org/stable/23469229,2013
http://www.jstor.org/stable/30039014,2006
http://www.jstor.org/stable/43187581,2014
http://www.jstor.org/stable/2657506,1998
http://www.jstor.org/stable/30038975,2006
http://www.jstor.org/stable/48588677,2018
http://www.jstor.org/stable/23019227,2011
http://www.jstor.org/stable/24756452,2016
http://www.jstor.org/stable/2117729,1977
http://www.jstor.org/stable/27736057,2009
http://www.jstor.org/stable/25472478,2007
http://www.jstor.org/stable/2089718,1962
http://www.jstor.org/stable/1519772,2003
http://www.jstor.org/stable/2095423,1984
http://www.jstor.org/stable/2085761,1941
http://www.jstor.org/stable/2095847,1988
http://www.jstor.org/stable/2094470,1976
http://www.jstor.org/stable/2095434,1985
http://www.jstor.org/stable/2094256,1976
http://www.jstor.org/stable/2094636,1964
http://www.jstor.org/stable/2095276,1984
http://www.jstor.org/stable/2094629,1978
http://www.jstor.org/stable/2095596,1987
http://www.jstor.org/stable/3088965,2002
http://www.jstor.org/stable/27801533,2010
http://www.jstor.org/stable/2094200,1975
http://www.jstor.org/stable/2094727,1976
http://www.jstor.org/stable/2093856,1970
http://www.jstor.org/stable/2089917,1963
http://www.jstor.org/stable/2094535,1979
http://www.jstor.org/stable/2094361,1973
http://www.jstor.org/stable/2090453,1963
http://www.jstor.org/stable/2094767,1978
http://www.jstor.org/stable/2090454,1963
http://www.jstor.org/stable/2095091,1981
http://www.jstor.org/stable/2096077,1993
http://www.jstor.org/stable/2117742,1977
http://www.jstor.org/stable/2095722,1989
http://www.jstor.org/stable/2094157,1974
http://www.jstor.org/stable/27736067,2009
http://www.jstor.org/stable/2094983,1981
http://www.jstor.org/stable/2095224,1983
http://www.jstor.org/stable/23469174,2013
http://www.jstor.org/stable/2657369,1999
http://www.jstor.org/stable/2095517,1986
http://www.jstor.org/stable/2096070,1993
http://www.jstor.org/stable/25472539,2008
http://www.jstor.org/stable/2094989,1982
http://www.jstor.org/stable/2094498,1978
http://www.jstor.org/stable/2095262,1981
http://www.jstor.org/stable/2096255,1991
http://www.jstor.org/stable/2657278,1999
http://www.jstor.org/stable/2095173,1980
http://www.jstor.org/stable/2117759,1989
http://www.jstor.org/stable/43187549,2014
http://www.jstor.org/stable/44245511,2017
http://www.jstor.org/stable/2096214,1993
http://www.jstor.org/stable/25472525,2008
http://www.jstor.org/stable/24756372,2015
http://www.jstor.org/stable/2657368,1999
http://www.jstor.org/stable/2095562,1984
http://www.jstor.org/stable/2094156,1974
http://www.jstor.org/stable/2657460,2000
http://www.jstor.org/stable/44245529,2017
http://www.jstor.org/stable/23469232,2013
http://www.jstor.org/stable/2095376,1985
http://www.jstor.org/stable/2094145,1973
http://www.jstor.org/stable/2094146,1973
http://www.jstor.org/stable/2094314,1974
http://www.jstor.org/stable/2087997,1952
http://www.jstor.org/stable/2096229,1994
http://www.jstor.org/stable/2095481,1986
http://www.jstor.org/stable/2094931,1983
http://www.jstor.org/stable/24756460,2016
http://www.jstor.org/stable/2096302,1996
http://www.jstor.org/stable/48588566,2018
http://www.jstor.org/stable/20799485,2010
http://www.jstor.org/stable/2085507,1941
http://www.jstor.org/stable/2087975,1951
http://www.jstor.org/stable/44245485,2016
http://www.jstor.org/stable/48588669,2018
http://www.jstor.org/stable/3088942,2002
http://www.jstor.org/stable/2096231,1994
http://www.jstor.org/stable/48588675,2018
http://www.jstor.org/stable/2094274,1974
http://www.jstor.org/stable/2095432,1985
http://www.jstor.org/stable/2094588,1979
http://www.jstor.org/stable/2095152,1983
http://www.jstor.org/stable/43187583,2014
http://www.jstor.org/stable/2095118,1980
http://www.jstor.org/stable/2095864,1990
http://www.jstor.org/stable/25472438,2006
http://www.jstor.org/stable/2657437,2000
http://www.jstor.org/stable/23102580,2012
http://www.jstor.org/stable/25472493,2007
http://www.jstor.org/stable/2657351,1997
http://www.jstor.org/stable/2095284,1984
http://www.jstor.org/stable/24756425,2015
http://www.jstor.org/stable/2095905,1993
http://www.jstor.org/stable/2096395,1996
http://www.jstor.org/stable/2094369,1976
http://www.jstor.org/stable/2657408,1999
http://www.jstor.org/stable/2096336,1996
http://www.jstor.org/stable/2095689,1988
http://www.jstor.org/stable/2089716,1962
http://www.jstor.org/stable/2094546,1978
http://www.jstor.org/stable/2095608,1989
http://www.jstor.org/stable/3088923,2001
http://www.jstor.org/stable/2095475,1986
http://www.jstor.org/stable/48589217,2018
http://www.jstor.org/stable/27736045,2009
http://www.jstor.org/stable/2091478,1964
http://www.jstor.org/stable/2096296,1995
http://www.jstor.org/stable/43187574,2014
http://www.jstor.org/stable/2094309,1974
http://www.jstor.org/stable/2094174,1975
http://www.jstor.org/stable/2090608,1963
http://www.jstor.org/stable/43187546,2014
http://www.jstor.org/stable/27736049,2009
http://www.jstor.org/stable/3593087,2004
http://www.jstor.org/stable/2093201,1970
http://www.jstor.org/stable/2094183,1975
http://www.jstor.org/stable/2094628,1978
http://www.jstor.org/stable/2095366,1986
http://www.jstor.org/stable/2094424,1974
http://www.jstor.org/stable/2094416,1974
http://www.jstor.org/stable/23019214,2011
http://www.jstor.org/stable/2093764,1971
http://www.jstor.org/stable/2095023,1981
http://www.jstor.org/stable/2096099,1992
http://www.jstor.org/stable/24756377,2015
http://www.jstor.org/stable/25782184,2011
http://www.jstor.org/stable/43187570,2014
http://www.jstor.org/stable/30039012,2006
http://www.jstor.org/stable/2095918,1992
http://www.jstor.org/stable/48595817,2019
http://www.jstor.org/stable/2095010,1980
http://www.jstor.org/stable/2096123,1992
http://www.jstor.org/stable/2095061,1981
http://www.jstor.org/stable/2657475,1998
http://www.jstor.org/stable/2095941,1994
http://www.jstor.org/stable/3088935,2002
http://www.jstor.org/stable/2095700,1990
http://www.jstor.org/stable/2095615,1989
http://www.jstor.org/stable/4145387,2005
http://www.jstor.org/stable/2096257,1991
http://www.jstor.org/stable/3593052,2004
http://www.jstor.org/stable/2095491,1986
http://www.jstor.org/stable/23469175,2013
http://www.jstor.org/stable/2094509,1979
http://www.jstor.org/stable/3088966,2002
http://www.jstor.org/stable/2095144,1983
http://www.jstor.org/stable/2092990,1970
http://www.jstor.org/stable/2094474,1976
http://www.jstor.org/stable/3593043,2004
http://www.jstor.org/stable/44245491,2016
http://www.jstor.org/stable/2095088,1981
http://www.jstor.org/stable/2094250,1976
http://www.jstor.org/stable/2095079,1981
http://www.jstor.org/stable/41723053,2012
http://www.jstor.org/stable/2657267,1998
http://www.jstor.org/stable/2096394,1996
http://www.jstor.org/stable/2117754,1989
http://www.jstor.org/stable/43187585,2014
http://www.jstor.org/stable/2095337,1985
http://www.jstor.org/stable/2095313,1986
http://www.jstor.org/stable/20799483,2010
http://www.jstor.org/stable/2094938,1981
http://www.jstor.org/stable/23469212,2013
http://www.jstor.org/stable/2090312,1963
http://www.jstor.org/stable/24756354,2015
http://www.jstor.org/stable/2657336,1998
http://www.jstor.org/stable/2095816,1988
http://www.jstor.org/stable/2657528,1999
http://www.jstor.org/stable/2093384,1970
http://www.jstor.org/stable/2096391,1996
http://www.jstor.org/stable/43188367,2013
http://www.jstor.org/stable/2095166,1982
http://www.jstor.org/stable/2090568,1961
http://www.jstor.org/stable/2096446,1994
http://www.jstor.org/stable/2094316,1974
http://www.jstor.org/stable/27801526,2010
http://www.jstor.org/stable/2096073,1993
http://www.jstor.org/stable/2095620,1989
http://www.jstor.org/stable/2095605,1987
http://www.jstor.org/stable/48588568,2018
http://www.jstor.org/stable/2094980,1981
http://www.jstor.org/stable/2096265,1991
http://www.jstor.org/stable/41723058,2012
http://www.jstor.org/stable/25472515,2008
http://www.jstor.org/stable/2094944,1981
http://www.jstor.org/stable/3088892,2002
http://www.jstor.org/stable/25472482,2007
http://www.jstor.org/stable/3088893,2002
http://www.jstor.org/stable/24756496,2016
http://www.jstor.org/stable/25472451,2007
http://www.jstor.org/stable/2094871,1977
http://www.jstor.org/stable/2094184,1975
http://www.jstor.org/stable/27736086,2009
http://www.jstor.org/stable/2094379,1976
http://www.jstor.org/stable/2095135,1980
http://www.jstor.org/stable/2094536,1979
http://www.jstor.org/stable/2094853,1976
http://www.jstor.org/stable/2094485,1976
http://www.jstor.org/stable/30039002,2006
http://www.jstor.org/stable/2094833,1979
http://www.jstor.org/stable/2094827,1979
http://www.jstor.org/stable/2094786,1978
http://www.jstor.org/stable/27801517,2010
http://www.jstor.org/stable/25472495,2007
http://www.jstor.org/stable/2096216,1993
http://www.jstor.org/stable/4145364,2005
http://www.jstor.org/stable/2095811,1990
http://www.jstor.org/stable/2095637,1990
http://www.jstor.org/stable/2095569,1984
http://www.jstor.org/stable/2096204,1992
http://www.jstor.org/stable/41723038,2012
http://www.jstor.org/stable/43187559,2014
http://www.jstor.org/stable/27736080,2009
http://www.jstor.org/stable/2657354,1997
http://www.jstor.org/stable/2094951,1981
http://www.jstor.org/stable/2095583,1986
http://www.jstor.org/stable/2095685,1988
http://www.jstor.org/stable/2657316,1997
http://www.jstor.org/stable/2096301,1996
http://www.jstor.org/stable/23102571,2012
http://www.jstor.org/stable/1519739,2003
http://www.jstor.org/stable/3593074,2004
http://www.jstor.org/stable/23102556,2011
http://www.jstor.org/stable/1519757,2003
http://www.jstor.org/stable/2657279,1999
http://www.jstor.org/stable/2092740,1955
http://www.jstor.org/stable/2094478,1976
http://www.jstor.org/stable/2084324,1939
http://www.jstor.org/stable/24756465,2016
http://www.jstor.org/stable/44245532,2017
http://www.jstor.org/stable/2657455,1997
http://www.jstor.org/stable/25472534,2008
http://www.jstor.org/stable/25472458,2007
http://www.jstor.org/stable/48588564,2018
http://www.jstor.org/stable/3593072,2004
http://www.jstor.org/stable/2095939,1994
http://www.jstor.org/stable/2657383,2000
http://www.jstor.org/stable/2095228,1983
http://www.jstor.org/stable/2095544,1985
http://www.jstor.org/stable/24756500,2016
http://www.jstor.org/stable/48595811,2019
http://www.jstor.org/stable/25472440,2006
http://www.jstor.org/stable/41723041,2012
http://www.jstor.org/stable/2095602,1987
http://www.jstor.org/stable/48595812,2019
http://www.jstor.org/stable/2095917,1992
http://www.jstor.org/stable/26426352,2017
http://www.jstor.org/stable/23019209,2011
http://www.jstor.org/stable/2094753,1977
http://www.jstor.org/stable/41723048,2012
http://www.jstor.org/stable/43187510,2013
http://www.jstor.org/stable/41723037,2012
http://www.jstor.org/stable/48595783,2019
http://www.jstor.org/stable/24756454,2016
http://www.jstor.org/stable/2095707,1990
http://www.jstor.org/stable/2094797,1976
http://www.jstor.org/stable/25472466,2007
http://www.jstor.org/stable/2085509,1941
http://www.jstor.org/stable/2094507,1979
http://www.jstor.org/stable/2095338,1985
http://www.jstor.org/stable/2095865,1990
http://www.jstor.org/stable/2094344,1975
http://www.jstor.org/stable/2096424,1995
http://www.jstor.org/stable/2657505,1998
http://www.jstor.org/stable/2094542,1978
http://www.jstor.org/stable/2094313,1974
http://www.jstor.org/stable/2084528,1940
http://www.jstor.org/stable/2094924,1983
http://www.jstor.org/stable/2095478,1986
http://www.jstor.org/stable/2094232,1974
http://www.jstor.org/stable/2657425,1997
http://www.jstor.org/stable/3593075,2004
http://www.jstor.org/stable/41723052,2012
http://www.jstor.org/stable/2094254,1976
http://www.jstor.org/stable/44245497,2016
http://www.jstor.org/stable/43187558,2014
http://www.jstor.org/stable/26426534,2018
http://www.jstor.org/stable/2096256,1991
http://www.jstor.org/stable/2657525,1999
http://www.jstor.org/stable/2657345,1997
http://www.jstor.org/stable/2095277,1984
http://www.jstor.org/stable/2095595,1987
http://www.jstor.org/stable/48589216,2018
http://www.jstor.org/stable/25472448,2007
http://www.jstor.org/stable/3088895,2002
http://www.jstor.org/stable/1519749,2003
http://www.jstor.org/stable/27801514,2010
http://www.jstor.org/stable/2657419,2001
http://www.jstor.org/stable/2094258,1976
http://www.jstor.org/stable/2094259,1976
http://www.jstor.org/stable/27736090,2009
http://www.jstor.org/stable/25472568,2008
http://www.jstor.org/stable/2095195,1982
http://www.jstor.org/stable/2095447,1987
http://www.jstor.org/stable/2086887,1949
http://www.jstor.org/stable/43187548,2014
http://www.jstor.org/stable/25472543,2008
http://www.jstor.org/stable/2094496,1978
http://www.jstor.org/stable/25472523,2008
http://www.jstor.org/stable/2096103,1991
http://www.jstor.org/stable/2095594,1987
http://www.jstor.org/stable/2094935,1981
http://www.jstor.org/stable/23469216,2013
http://www.jstor.org/stable/30038995,2006
http://www.jstor.org/stable/2657391,2001
http://www.jstor.org/stable/2095383,1985
http://www.jstor.org/stable/2094939,1981
http://www.jstor.org/stable/2117725,1983
http://www.jstor.org/stable/2117752,1989
http://www.jstor.org/stable/2657394,2001
http://www.jstor.org/stable/2095916,1992
http://www.jstor.org/stable/3593045,2004
http://www.jstor.org/stable/2096202,1992
http://www.jstor.org/stable/2092883,1968
http://www.jstor.org/stable/30039000,2006
http://www.jstor.org/stable/2094909,1980
http://www.jstor.org/stable/2095260,1981
http://www.jstor.org/stable/2657426,1997
http://www.jstor.org/stable/2087305,1950
http://www.jstor.org/stable/2089483,1957
http://www.jstor.org/stable/2088799,1958
http://www.jstor.org/stable/2086604,1950
http://www.jstor.org/stable/2095018,1980
http://www.jstor.org/stable/41723042,2012
http://www.jstor.org/stable/2094175,1975
http://www.jstor.org/stable/2095160,1982
http://www.jstor.org/stable/2095951,1993
http://www.jstor.org/stable/2096353,1996
http://www.jstor.org/stable/2094178,1975
http://www.jstor.org/stable/2094180,1975
http://www.jstor.org/stable/23018947,2011
http://www.jstor.org/stable/2093294,1970
http://www.jstor.org/stable/2095658,1989
http://www.jstor.org/stable/2086305,1944
http://www.jstor.org/stable/2089919,1963
http://www.jstor.org/stable/2085643,1945
http://www.jstor.org/stable/2087551,1953
http://www.jstor.org/stable/2087553,1953
http://www.jstor.org/stable/2087552,1953
http://www.jstor.org/stable/2085226,1943
http://www.jstor.org/stable/2086681,1949
http://www.jstor.org/stable/2086818,1948
http://www.jstor.org/stable/24756397,2016
http://www.jstor.org/stable/3088921,2001
http://www.jstor.org/stable/44245534,2017
http://www.jstor.org/stable/4145391,2005
http://www.jstor.org/stable/1519758,2003
http://www.jstor.org/stable/25472558,2008
http://www.jstor.org/stable/2096343,1995
http://www.jstor.org/stable/25472528,2008
http://www.jstor.org/stable/2095406,1985
http://www.jstor.org/stable/2094790,1978
http://www.jstor.org/stable/2096225,1994
http://www.jstor.org/stable/43187541,2014
http://www.jstor.org/stable/2094798,1976
http://www.jstor.org/stable/2095570,1984
http://www.jstor.org/stable/43187552,2014
http://www.jstor.org/stable/2095396,1987
http://www.jstor.org/stable/2093465,1972
http://www.jstor.org/stable/48595818,2019
http://www.jstor.org/stable/2094700,1978
http://www.jstor.org/stable/2095043,1982
http://www.jstor.org/stable/2095803,1990
http://www.jstor.org/stable/2096127,1992
http://www.jstor.org/stable/2094462,1975
http://www.jstor.org/stable/1519733,2003
http://www.jstor.org/stable/2095778,1991
http://www.jstor.org/stable/2094608,1977
http://www.jstor.org/stable/2095862,1990
http://www.jstor.org/stable/27801512,2010
http://www.jstor.org/stable/2657468,2000
http://www.jstor.org/stable/2095794,1989
http://www.jstor.org/stable/2094742,1976
http://www.jstor.org/stable/20799484,2010
http://www.jstor.org/stable/2094545,1978
http://www.jstor.org/stable/2095076,1981
http://www.jstor.org/stable/2117731,1977
http://www.jstor.org/stable/3088910,2002
http://www.jstor.org/stable/2657312,1997
http://www.jstor.org/stable/2094197,1975
http://www.jstor.org/stable/2094726,1976
http://www.jstor.org/stable/3088904,2003
http://www.jstor.org/stable/2094257,1976
http://www.jstor.org/stable/2095868,1990
http://www.jstor.org/stable/2094979,1981
http://www.jstor.org/stable/2095425,1984
http://www.jstor.org/stable/2095390,1987
http://www.jstor.org/stable/2094505,1979
http://www.jstor.org/stable/2094930,1983
http://www.jstor.org/stable/48595775,2019
http://www.jstor.org/stable/2095275,1984
http://www.jstor.org/stable/25472500,2007
http://www.jstor.org/stable/2095669,1991
http://www.jstor.org/stable/2657395,2001
http://www.jstor.org/stable/2094499,1978
http://www.jstor.org/stable/2094558,1977
http://www.jstor.org/stable/2087460,1954
http://www.jstor.org/stable/2094976,1981
http://www.jstor.org/stable/2094888,1979
http://www.jstor.org/stable/2095482,1986
http://www.jstor.org/stable/2095454,1987
http://www.jstor.org/stable/2095314,1986
http://www.jstor.org/stable/2094970,1982
http://www.jstor.org/stable/2657507,1998
http://www.jstor.org/stable/2096145,1992
http://www.jstor.org/stable/26426418,2017
http://www.jstor.org/stable/2095584,1986
http://www.jstor.org/stable/43187545,2014
http://www.jstor.org/stable/43187580,2014
http://www.jstor.org/stable/2095130,1980
http://www.jstor.org/stable/2095322,1983
http://www.jstor.org/stable/2096304,1996
http://www.jstor.org/stable/2095539,1985
http://www.jstor.org/stable/2095084,1981
http://www.jstor.org/stable/2095883,1989
http://www.jstor.org/stable/2657478,1998
http://www.jstor.org/stable/2096330,1996
http://www.jstor.org/stable/3593086,2004
http://www.jstor.org/stable/24756398,2016
http://www.jstor.org/stable/2095344,1985
http://www.jstor.org/stable/2095422,1984
http://www.jstor.org/stable/44245528,2017
http://www.jstor.org/stable/2095208,1982
http://www.jstor.org/stable/3088928,2001
http://www.jstor.org/stable/2092993,1970
http://www.jstor.org/stable/23469230,2013
http://www.jstor.org/stable/26426529,2018
http://www.jstor.org/stable/2089679,1962
http://www.jstor.org/stable/23469217,2013
http://www.jstor.org/stable/23469218,2013
http://www.jstor.org/stable/2095249,1980
http://www.jstor.org/stable/2094491,1978
http://www.jstor.org/stable/2094411,1973
http://www.jstor.org/stable/2095444,1987
http://www.jstor.org/stable/2657357,1997
http://www.jstor.org/stable/2094292,1974
http://www.jstor.org/stable/24756449,2016
http://www.jstor.org/stable/48595780,2019
http://www.jstor.org/stable/25472566,2008
http://www.jstor.org/stable/2094585,1979
http://www.jstor.org/stable/2096098,1992
http://www.jstor.org/stable/25472513,2008
http://www.jstor.org/stable/2095207,1982
http://www.jstor.org/stable/2657501,1998
http://www.jstor.org/stable/2095370,1986
http://www.jstor.org/stable/2095676,1991
http://www.jstor.org/stable/23469219,2013
http://www.jstor.org/stable/2095046,1982
http://www.jstor.org/stable/2084209,1939
http://www.jstor.org/stable/26426357,2017
http://www.jstor.org/stable/2093209,1970
http://www.jstor.org/stable/26426365,2017
http://www.jstor.org/stable/2096428,1995
http://www.jstor.org/stable/2095059,1981
http://www.jstor.org/stable/2089540,1959
http://www.jstor.org/stable/2094946,1981
http://www.jstor.org/stable/4145349,2005
http://www.jstor.org/stable/2088227,1952
http://www.jstor.org/stable/2096334,1996
http://www.jstor.org/stable/25472430,2006
http://www.jstor.org/stable/48588680,2018
http://www.jstor.org/stable/3593035,2004
http://www.jstor.org/stable/2086891,1949
http://www.jstor.org/stable/2096396,1996
http://www.jstor.org/stable/2657300,1997
http://www.jstor.org/stable/2094627,1978
http://www.jstor.org/stable/2095798,1989
http://www.jstor.org/stable/2657403,1999
http://www.jstor.org/stable/2094750,1977
http://www.jstor.org/stable/25472559,2008
http://www.jstor.org/stable/43187569,2014
http://www.jstor.org/stable/2096124,1992
http://www.jstor.org/stable/2096373,1994
http://www.jstor.org/stable/2096220,1993
http://www.jstor.org/stable/44245531,2017
http://www.jstor.org/stable/2094176,1975
http://www.jstor.org/stable/2094785,1978
http://www.jstor.org/stable/2094826,1979
http://www.jstor.org/stable/2657517,2000
http://www.jstor.org/stable/30038984,2006
http://www.jstor.org/stable/23102560,2011
http://www.jstor.org/stable/2096348,1995
http://www.jstor.org/stable/2657410,1999
http://www.jstor.org/stable/27736092,2009
http://www.jstor.org/stable/48588679,2018
http://www.jstor.org/stable/2094752,1977
http://www.jstor.org/stable/2094867,1977
http://www.jstor.org/stable/41723077,2012
http://www.jstor.org/stable/2095964,1993
http://www.jstor.org/stable/23019216,2011
http://www.jstor.org/stable/2095244,1980
http://www.jstor.org/stable/2095329,1983
http://www.jstor.org/stable/2095834,1987
http://www.jstor.org/stable/41723075,2012
http://www.jstor.org/stable/2088564,1959
http://www.jstor.org/stable/2092236,1968
http://www.jstor.org/stable/2096370,1994
http://www.jstor.org/stable/2096422,1995
http://www.jstor.org/stable/2095933,1994
http://www.jstor.org/stable/2095734,1988
http://www.jstor.org/stable/23469170,2013
http://www.jstor.org/stable/48602120,2019
http://www.jstor.org/stable/27736051,2009
http://www.jstor.org/stable/48595776,2019
http://www.jstor.org/stable/27801531,2010
http://www.jstor.org/stable/23469231,2013
http://www.jstor.org/stable/24756464,2016
http://www.jstor.org/stable/1519736,2003
http://www.jstor.org/stable/30039008,2006
http://www.jstor.org/stable/44245530,2017
http://www.jstor.org/stable/2657287,2000
http://www.jstor.org/stable/24756427,2015
http://www.jstor.org/stable/23469226,2013
http://www.jstor.org/stable/2093599,1971
http://www.jstor.org/stable/2094622,1978
http://www.jstor.org/stable/3088944,2002
http://www.jstor.org/stable/2095304,1986
http://www.jstor.org/stable/2095134,1980
http://www.jstor.org/stable/2657361,1997
http://www.jstor.org/stable/25472490,2007
http://www.jstor.org/stable/4145376,2005
http://www.jstor.org/stable/2090614,1963
http://www.jstor.org/stable/2096419,1995
http://www.jstor.org/stable/2094543,1978
http://www.jstor.org/stable/23018946,2011
http://www.jstor.org/stable/48588588,2018
http://www.jstor.org/stable/2096297,1995
http://www.jstor.org/stable/25472544,2008
http://www.jstor.org/stable/2086789,1950
http://www.jstor.org/stable/2095141,1983
http://www.jstor.org/stable/30039009,2006
http://www.jstor.org/stable/25472436,2006
http://www.jstor.org/stable/2095880,1989
http://www.jstor.org/stable/2657450,1997
http://www.jstor.org/stable/4145380,2005
http://www.jstor.org/stable/2657555,1998
http://www.jstor.org/stable/2095226,1983
http://www.jstor.org/stable/25782182,2011
http://www.jstor.org/stable/25472441,2006
http://www.jstor.org/stable/3088924,2001
http://www.jstor.org/stable/2095393,1987
http://www.jstor.org/stable/2096319,1995
http://www.jstor.org/stable/2096242,1992
http://www.jstor.org/stable/2657364,1997
http://www.jstor.org/stable/2657442,2000
http://www.jstor.org/stable/43187564,2014
http://www.jstor.org/stable/48589218,2018
http://www.jstor.org/stable/2094430,1975
http://www.jstor.org/stable/2094982,1981
http://www.jstor.org/stable/43188369,2013
http://www.jstor.org/stable/2094912,1980
http://www.jstor.org/stable/2088322,1955
http://www.jstor.org/stable/2089344,1956
http://www.jstor.org/stable/48595822,2019
http://www.jstor.org/stable/26426355,2017
http://www.jstor.org/stable/2088563,1959
http://www.jstor.org/stable/2095025,1981
http://www.jstor.org/stable/2094541,1978
http://www.jstor.org/stable/2088855,1957
http://www.jstor.org/stable/44245533,2017
http://www.jstor.org/stable/27801509,2010
http://www.jstor.org/stable/2092623,1960
http://www.jstor.org/stable/2095867,1990
http://www.jstor.org/stable/2094372,1976
http://www.jstor.org/stable/2095303,1986
http://www.jstor.org/stable/48588892,2019
http://www.jstor.org/stable/2095462,1984
http://www.jstor.org/stable/3593073,2004
http://www.jstor.org/stable/2095779,1991
http://www.jstor.org/stable/2095556,1984
http://www.jstor.org/stable/48588589,2018
http://www.jstor.org/stable/2657333,1998
http://www.jstor.org/stable/43187575,2014
http://www.jstor.org/stable/2095934,1994
http://www.jstor.org/stable/2096421,1995
http://www.jstor.org/stable/2094995,1982
http://www.jstor.org/stable/2096430,1995
http://www.jstor.org/stable/3593083,2004
http://www.jstor.org/stable/2092987,1970
http://www.jstor.org/stable/2095832,1987
http://www.jstor.org/stable/3088936,2002
http://www.jstor.org/stable/27736097,2009
http://www.jstor.org/stable/26426416,2017
http://www.jstor.org/stable/2095846,1988
http://www.jstor.org/stable/2095790,1989
http://www.jstor.org/stable/24756355,2015
http://www.jstor.org/stable/2094908,1980
http://www.jstor.org/stable/24756703,2015
http://www.jstor.org/stable/44245501,2016
http://www.jstor.org/stable/2095672,1991
http://www.jstor.org/stable/2096417,1995
http://www.jstor.org/stable/2095431,1985
http://www.jstor.org/stable/2093084,1971
http://www.jstor.org/stable/2096295,1995
http://www.jstor.org/stable/2095792,1989
http://www.jstor.org/stable/43187588,2014
http://www.jstor.org/stable/2095616,1989
http://www.jstor.org/stable/48595821,2019
http://www.jstor.org/stable/2088285,1951
http://www.jstor.org/stable/2094586,1979
http://www.jstor.org/stable/2095791,1989
http://www.jstor.org/stable/43188366,2013
http://www.jstor.org/stable/43187556,2014
http://www.jstor.org/stable/30038998,2006
http://www.jstor.org/stable/25472517,2008
http://www.jstor.org/stable/41723056,2012
http://www.jstor.org/stable/43187560,2014
http://www.jstor.org/stable/24756399,2016
http://www.jstor.org/stable/2095294,1987
http://www.jstor.org/stable/26426532,2018
http://www.jstor.org/stable/2093674,1971
http://www.jstor.org/stable/3088939,2002
http://www.jstor.org/stable/2657360,1997
http://www.jstor.org/stable/2095467,1984
http://www.jstor.org/stable/3088972,2002
http://www.jstor.org/stable/23469222,2013
http://www.jstor.org/stable/2090572,1961
http://www.jstor.org/stable/2657519,2000
http://www.jstor.org/stable/2657510,1998
http://www.jstor.org/stable/2096203,1992
http://www.jstor.org/stable/2117714,1983
http://www.jstor.org/stable/2086706,1946
http://www.jstor.org/stable/2092986,1970
http://www.jstor.org/stable/48588587,2018
http://www.jstor.org/stable/2657304,1997
http://www.jstor.org/stable/2657402,1999
http://www.jstor.org/stable/2095735,1988
http://www.jstor.org/stable/2095649,1988
http://www.jstor.org/stable/25472533,2008
http://www.jstor.org/stable/2096130,1994
http://www.jstor.org/stable/2095856,1988
http://www.jstor.org/stable/48588585,2018
http://www.jstor.org/stable/2657449,1997
http://www.jstor.org/stable/48602118,2019
http://www.jstor.org/stable/2083827,1937
http://www.jstor.org/stable/2094746,1977
http://www.jstor.org/stable/27736081,2009
http://www.jstor.org/stable/2095128,1980
http://www.jstor.org/stable/2657277,1999
http://www.jstor.org/stable/2083814,1937
http://www.jstor.org/stable/2096387,1995
http://www.jstor.org/stable/2094977,1981
http://www.jstor.org/stable/2094446,1975
http://www.jstor.org/stable/27736060,2009
http://www.jstor.org/stable/2657382,2000
http://www.jstor.org/stable/2657453,1997
http://www.jstor.org/stable/3593085,2004
http://www.jstor.org/stable/48589215,2018
http://www.jstor.org/stable/3088922,2001
http://www.jstor.org/stable/1519766,2003
http://www.jstor.org/stable/2094580,1977
http://www.jstor.org/stable/2094433,1975
http://www.jstor.org/stable/2086557,1948
http://www.jstor.org/stable/24756462,2016
http://www.jstor.org/stable/20799477,2010
http://www.jstor.org/stable/2657490,1999
http://www.jstor.org/stable/2094774,1978
http://www.jstor.org/stable/3593065,2004
http://www.jstor.org/stable/2090068,1963
http://www.jstor.org/stable/2096125,1992
http://www.jstor.org/stable/2095705,1990
http://www.jstor.org/stable/2096235,1992
http://www.jstor.org/stable/2657415,2001
http://www.jstor.org/stable/2086450,1949
http://www.jstor.org/stable/2657289,2000
http://www.jstor.org/stable/2095898,1988
http://www.jstor.org/stable/2096362,1996
http://www.jstor.org/stable/2094841,1976
http://www.jstor.org/stable/4145399,2005
http://www.jstor.org/stable/2096118,1992
http://www.jstor.org/stable/2090663,1961
http://www.jstor.org/stable/27801524,2010
http://www.jstor.org/stable/24756463,2016
http://www.jstor.org/stable/4145359,2005
http://www.jstor.org/stable/2095749,1990
http://www.jstor.org/stable/2095438,1985
http://www.jstor.org/stable/3593034,2004
http://www.jstor.org/stable/48588678,2018
http://www.jstor.org/stable/2095522,1986
http://www.jstor.org/stable/2095506,1985
http://www.jstor.org/stable/24756428,2015
http://www.jstor.org/stable/23019211,2011
http://www.jstor.org/stable/2095405,1985
http://www.jstor.org/stable/1519747,2003
http://www.jstor.org/stable/2095571,1984
http://www.jstor.org/stable/2657290,2000
http://www.jstor.org/stable/2094469,1976
http://www.jstor.org/stable/24756701,2015
http://www.jstor.org/stable/23469206,2013
http://www.jstor.org/stable/2096111,1991
http://www.jstor.org/stable/30038996,2006
http://www.jstor.org/stable/2094600,1977
http://www.jstor.org/stable/2088045,1952
http://www.jstor.org/stable/2095836,1987
http://www.jstor.org/stable/2095804,1990
http://www.jstor.org/stable/2117721,1983
http://www.jstor.org/stable/24756448,2016
http://www.jstor.org/stable/3088937,2002
http://www.jstor.org/stable/2096215,1993
http://www.jstor.org/stable/23102561,2011
http://www.jstor.org/stable/2095807,1990
http://www.jstor.org/stable/2095542,1985
http://www.jstor.org/stable/4145389,2005
http://www.jstor.org/stable/2095407,1985
http://www.jstor.org/stable/2096429,1995
http://www.jstor.org/stable/3593046,2004
http://www.jstor.org/stable/43187562,2014
http://www.jstor.org/stable/2094418,1974
http://www.jstor.org/stable/23019206,2011
http://www.jstor.org/stable/43187530,2014
http://www.jstor.org/stable/25472488,2007
http://www.jstor.org/stable/2096218,1993
http://www.jstor.org/stable/23469211,2013
http://www.jstor.org/stable/2083625,1939
http://www.jstor.org/stable/2657443,2000
http://www.jstor.org/stable/2095435,1985
http://www.jstor.org/stable/2095652,1988
http://www.jstor.org/stable/2095451,1987
http://www.jstor.org/stable/24756426,2015
http://www.jstor.org/stable/2096453,1996
http://www.jstor.org/stable/2657534,1999
http://www.jstor.org/stable/2094506,1979
http://www.jstor.org/stable/23102562,2011
http://www.jstor.org/stable/43187573,2014
http://www.jstor.org/stable/2095045,1982
http://www.jstor.org/stable/2096243,1992
http://www.jstor.org/stable/2094526,1979
http://www.jstor.org/stable/4145381,2005
http://www.jstor.org/stable/27736072,2009
http://www.jstor.org/stable/2095365,1986
http://www.jstor.org/stable/2096201,1992
http://www.jstor.org/stable/2095392,1987
http://www.jstor.org/stable/27801500,2009
http://www.jstor.org/stable/2096205,1992
http://www.jstor.org/stable/48589214,2018
http://www.jstor.org/stable/4145386,2005
http://www.jstor.org/stable/2085649,1945
http://www.jstor.org/stable/2086168,1945
http://www.jstor.org/stable/4145388,2005
http://www.jstor.org/stable/30038976,2006
http://www.jstor.org/stable/26426415,2017
http://www.jstor.org/stable/2095421,1984
http://www.jstor.org/stable/2657482,1998
http://www.jstor.org/stable/27736082,2009
http://www.jstor.org/stable/24756458,2016
http://www.jstor.org/stable/48595772,2019
http://www.jstor.org/stable/3088925,2001
http://www.jstor.org/stable/2095748,1990
http://www.jstor.org/stable/3593084,2004
http://www.jstor.org/stable/26426411,2017
http://www.jstor.org/stable/44245512,2017
http://www.jstor.org/stable/2095690,1988
http://www.jstor.org/stable/2096320,1995
http://www.jstor.org/stable/3593061,2004
http://www.jstor.org/stable/25472437,2006
http://www.jstor.org/stable/26426364,2017
http://www.jstor.org/stable/43187509,2013
http://www.jstor.org/stable/43187508,2013
http://www.jstor.org/stable/27801503,2009
http://www.jstor.org/stable/26426353,2017
http://www.jstor.org/stable/2095944,1994
http://www.jstor.org/stable/2094550,1978
http://www.jstor.org/stable/2095541,1985
http://www.jstor.org/stable/2095196,1982
http://www.jstor.org/stable/1519741,2003
http://www.jstor.org/stable/48588674,2018
http://www.jstor.org/stable/27801525,2010
http://www.jstor.org/stable/25782181,2011
http://www.jstor.org/stable/3088948,2002
http://www.jstor.org/stable/25472462,2007
http://www.jstor.org/stable/25472481,2007
http://www.jstor.org/stable/43187538,2014
http://www.jstor.org/stable/44245488,2016
http://www.jstor.org/stable/26426358,2017
http://www.jstor.org/stable/24756497,2016
http://www.jstor.org/stable/3088891,2002
http://www.jstor.org/stable/2657438,2000
http://www.jstor.org/stable/44245513,2017
http://www.jstor.org/stable/43187523,2014
http://www.jstor.org/stable/27736096,2009
http://www.jstor.org/stable/30038974,2006
http://www.jstor.org/stable/2095943,1994
http://www.jstor.org/stable/48588889,2019
http://www.jstor.org/stable/2095464,1984
http://www.jstor.org/stable/2094760,1978
http://www.jstor.org/stable/2095048,1982
http://www.jstor.org/stable/3088885,2001
http://www.jstor.org/stable/2095502,1985
http://www.jstor.org/stable/2657303,1997
http://www.jstor.org/stable/2095489,1986
http://www.jstor.org/stable/43188370,2013
http://www.jstor.org/stable/2094961,1982
http://www.jstor.org/stable/25472479,2007
http://www.jstor.org/stable/2093759,1971
http://www.jstor.org/stable/24756410,2015
http://www.jstor.org/stable/25472487,2007
http://www.jstor.org/stable/25472459,2007
http://www.jstor.org/stable/2657298,1997
http://www.jstor.org/stable/24756501,2016
http://www.jstor.org/stable/2657292,2000
http://www.jstor.org/stable/2117715,1983
http://www.jstor.org/stable/25782170,2010
http://www.jstor.org/stable/23019224,2011
http://www.jstor.org/stable/2095665,1989